{
  "ret": 8.735262247450343,
  "mtx":[
  [
  3403.052978515625,
  0.0,
  1080
  ],
  [
  0.0,
  3434.074462890625,
  1720
  ],
  [
  0.0,
  0.0,
  1.0
  ]
  ],
  "dist": [
    [
      0.0
    ],
    [
      0.0
    ],
    [
      0.0
    ],
    [
      0.0
    ],
    [
      0.0
    ],
    [
      0.0
    ],
    [
      0.0
    ],
    [
      0.0
    ],
    [
      0.0
    ],
    [
      0.0
    ],
    [
      0.0
    ],
    [
      0.0
    ],
    [
      0.0
    ],
    [
      0.0
    ]
  ]
}